{
  "display": {
    "icon": {
      "item": "minecraft:player_head",
      "nbt": "{SkullOwner:{Id:[I;0,0,0,0],Properties:{textures:[{Value:\"eyJ0ZXh0dXJlcyI6eyJTS0lOIjp7InVybCI6Imh0dHA6Ly90ZXh0dXJlcy5taW5lY3JhZnQubmV0L3RleHR1cmUvNmU0MTVmOTUxZGM5YzM0MjA0YzIyM2YwZjUwMGNiYzBmMWRmZTc3MmJmNGI5YjNiZDE3MzAyNTFkZTY1ODEwYyJ9fX0=\"}]}}}"
    },
    "title": "PlayerTeams v1.0                                  ",
    "description": [
      "",
      {"text": "Create, Modify, and Manage Colored Teams w/ Optional an Prefix", "color": "gold"},
      {"text": "\nDependency: None", "color": "gray"},
      {"text": "\nCommand: ", "color": "red"},{"text": "/trigger playerteams", "color": "yellow"},
      {"text": "\nADMIN: ", "color": "dark_red"},{"text": "/function playerteams:config", "color": "yellow"},
      {"text": "\nby ZachTheDev", "color": "#FF5722"}
    ],
    "show_toast": false,
    "announce_to_chat": false
  },
  "parent": "brocraftessentials:root",
  "criteria": {
    "tick": {
      "trigger": "minecraft:tick"
    }
  }
}