{
  "display": {
    "icon": {
      "item": "minecraft:barrier"
    },
    "title": "AFKSmart v1.0                                     ",
    "description": [
      "",
      {"text": "Tracks and announces when a player becomes AFK", "color": "gold"},
      {"text": "\nDependency: PlayerTeams", "color": "gray"},
      {"text": "\nCommand: ", "color": "red"},{"text": "/trigger afk", "color": "yellow"},
      {"text": "\nADMIN: ", "color": "dark_red"},{"text": "/function afk:config", "color": "yellow"},
      {"text": "\nby ZachTheDev", "color": "#FF5722"}
    ],
    "show_toast": false,
    "announce_to_chat": false
  },
  "parent": "brocraftessentials:root",
  "criteria": {
    "tick": {
      "trigger": "minecraft:tick"
    }
  }
}