{
  "display": {
    "icon": {
      "item": "minecraft:clock"
    },
    "title": "Playtime v1.0                 ",
    "description": [
      "",
      {"text": "Tracks, Calculates, and Outputs a Players Playtime\n","color": "gold"},
      {"text": "Command: ", "color": "red"},
      {"text": "/trigger playtime", "color": "yellow"},
      {"text": "\nADMIN: ", "color": "dark_red"},
      {"text": "/function playtime:config", "color": "yellow"},
      {"text": "\nby ZachTheDev", "color": "#FF5722"}
    ],
    "show_toast": true,
    "announce_to_chat": true
  },
  "parent": "brocraftessentials:root",
  "criteria": {
    "tick": {
      "trigger": "minecraft:tick"
    }
  }
}
