{
  "display": {
    "icon": {
      "item": "minecraft:clock"
    },
    "title": "Playtime v1.0                 ",
    "description": [
      "",
      {
        "text": "Tracks, Calculates, and Outputs a Players Playtime\n",
        "color": "gold"
      },
      { "text": "Command: ", "color": "green" },
      { "text": "/trigger playtime", "color": "yellow" },
      { "text": "\nby ZachTheDev", "color": "#FF5722" }
    ],
    "show_toast": false,
    "announce_to_chat": false
  },
  "parent": "brocraftessentials:root",
  "criteria": {
    "tick": {
      "trigger": "minecraft:tick"
    }
  }
}
