{
  "display": {
    "icon": {
      "item": "minecraft:clock"
    },
    "title": "Playtime v1.0                                     ",
    "description": [
      "",
      {"text": "Tracks, Calculates, and Outputs a Players Playtime","color": "gold"},
      {"text": "\nDependency: AFKSmart (Optional)", "color": "gray"},
      {"text": "\nCommand: ", "color": "red"},{"text": "/trigger playtime", "color": "yellow"},
      {"text": "\nADMIN: ", "color": "dark_red"},{"text": "/function playtime:config", "color": "yellow"},
      {"text": "\nby ZachTheDev", "color": "#FF5722"}
    ],
    "show_toast": false,
    "announce_to_chat": false
  },
  "parent": "brocraftessentials:root",
  "criteria": {
    "tick": {
      "trigger": "minecraft:tick"
    }
  }
}